sample_code,14:0,15:0,16:0,16:1+iso-17:0,cis-9-16:1,17:0,17:1+16:2,18:0,cis-9-18:1,cis-11-18:1,18:2n-6,20:0,18:3n-3,20:1,18:4n-3,20:3n-6,22:0,20:4n-6,20:4n-3,20:5n-3,24:1,22:5n-6,22:5n-3,22:6n-3
118,3.068,0.496,23.514,0.725,4.441,0.633,0.448,6.487,17.507,4.578,0.928,0.237,0.667,1.684,0.273,0.188,0.055,2.562,2.872,6.912,1.920,0.342,2.981,15.997
123,2.447,0.445,23.940,0.605,3.754,0.562,0.502,7.043,16.891,4.113,0.884,0.226,0.467,1.303,0.177,0.112,0.078,2.943,2.118,6.418,2.335,0.582,3.356,18.313
146,3.349,0.753,24.921,0.770,4.715,0.656,0.572,7.094,16.775,4.149,0.865,0.208,0.418,1.349,0.214,0.213,0.118,2.460,2.104,6.346,1.941,0.438,3.287,15.798
114,3.715,0.550,23.858,0.687,4.523,0.495,0.506,5.335,18.832,4.508,0.892,0.170,0.623,1.647,0.287,0.140,0.089,1.825,2.685,6.037,1.478,0.534,3.623,16.432
161,2.952,0.559,24.034,0.607,4.083,0.614,0.399,6.546,17.207,3.987,0.952,0.244,0.570,1.310,0.276,0.190,0.064,3.108,2.490,7.091,1.946,0.532,2.933,16.861
164,2.802,0.476,23.652,0.644,4.086,0.562,0.347,6.378,17.104,4.287,0.864,0.216,0.678,1.426,0.287,0.157,0.087,2.729,2.898,6.467,2.270,0.280,3.154,17.461
172,1.963,0.478,24.718,0.528,3.217,0.619,0.309,7.111,15.391,3.677,0.777,0.249,0.331,1.309,0.090,0.156,0.096,3.085,1.607,6.815,2.091,0.582,3.731,20.989
173,1.610,0.415,23.413,0.468,3.297,0.567,0.332,7.447,16.494,3.677,0.815,0.258,0.389,1.084,0.168,0.167,0.073,3.355,1.957,7.168,2.324,0.692,3.479,20.350
174,3.031,0.556,26.428,0.618,4.408,0.610,0.433,6.106,16.675,3.908,0.897,0.271,0.555,1.410,0.160,0.112,0.094,2.669,1.702,6.703,1.972,0.576,3.809,15.877
185,2.006,0.442,22.975,0.666,3.526,0.617,0.321,7.527,17.177,4.291,0.853,0.229,0.510,1.248,0.151,0.130,0.046,3.376,1.670,6.595,2.531,0.379,3.750,18.405
157,1.080,0.343,23.174,0.463,2.482,0.446,0.224,7.773,12.688,2.772,0.717,0.282,0.359,0.748,0.102,0.152,0.152,4.182,1.913,8.134,3.053,0.527,3.664,23.645
191,1.166,0.394,21.627,0.420,2.692,0.768,0.356,8.778,13.644,3.199,0.865,0.397,0.267,0.895,0.084,0.084,0.091,5.787,1.430,7.187,3.514,0.698,2.861,22.522
205,2.854,0.515,24.929,0.606,4.157,0.651,0.426,6.740,17.727,4.100,0.794,0.190,0.615,1.297,0.211,0.100,0.091,2.630,1.826,6.153,1.925,0.640,3.219,17.308
214,1.200,0.442,21.864,0.644,2.631,0.671,0.408,8.189,13.283,3.408,0.726,0.371,0.394,0.701,0.143,0.198,0.146,4.108,1.758,8.667,3.694,0.430,3.278,22.279
220,3.019,0.564,24.090,0.686,5.113,0.562,0.509,5.655,17.525,4.725,1.057,0.193,0.821,1.345,0.338,0.165,0.124,1.969,2.566,6.429,1.885,0.439,3.435,16.105
225,1.058,0.451,20.255,0.821,2.528,0.757,0.371,8.730,11.764,4.370,0.846,0.303,0.219,0.547,0.096,0.277,0.175,4.514,1.599,10.633,3.338,0.591,3.464,21.540
227,2.525,0.416,22.940,0.561,6.029,0.495,0.566,7.398,13.777,4.278,1.156,0.267,0.596,1.009,0.213,0.193,0.059,2.300,1.644,8.629,2.259,0.455,4.252,17.602
231,1.379,0.414,22.481,0.595,2.704,0.628,0.399,7.850,15.186,3.679,0.668,0.354,0.326,1.370,0.120,0.097,0.162,4.121,1.357,7.418,3.225,0.587,3.166,21.179
235,2.003,0.467,18.859,0.634,7.132,0.644,0.676,7.682,10.123,4.680,1.621,0.440,0.703,0.529,0.269,0.347,0.149,4.694,1.534,12.730,2.774,0.446,4.080,16.214
112,2.856,0.618,25.208,0.604,4.247,0.581,0.549,6.495,16.729,4.370,0.884,0.194,0.496,1.332,0.130,0.132,0.083,2.522,2.009,6.508,1.774,0.686,3.717,16.820
147,2.252,0.476,23.779,0.627,3.775,0.573,0.367,6.988,16.188,3.764,0.756,0.198,0.545,1.331,0.197,0.198,0.091,3.063,2.254,6.526,2.483,0.444,3.350,19.437
150,2.208,0.441,23.927,0.613,3.578,0.554,0.385,7.320,16.441,4.146,0.882,0.253,0.569,1.323,0.170,0.161,0.117,2.961,2.352,6.511,2.293,0.448,3.677,18.181
169,1.914,0.443,23.476,0.604,2.985,0.487,0.337,7.390,14.503,4.153,0.800,0.235,0.439,1.041,0.144,0.159,0.106,2.769,2.133,8.082,2.599,0.432,4.006,20.433
184,2.743,0.521,25.258,0.636,4.041,0.504,0.381,6.579,16.785,3.839,0.903,0.222,0.597,1.418,0.302,0.194,0.105,2.770,2.850,6.404,2.306,0.401,3.006,16.825
186,2.043,0.408,23.293,0.582,4.088,0.519,0.322,6.983,15.955,4.090,0.871,0.270,0.587,1.130,0.227,0.162,0.193,3.375,2.105,7.438,2.478,0.413,3.368,18.423
198,1.737,0.529,22.785,0.516,3.175,0.570,0.350,7.327,15.562,3.645,0.963,0.280,0.524,1.082,0.214,0.192,0.129,3.484,2.530,6.766,2.855,0.606,3.487,20.629
210,1.692,0.368,22.957,0.576,3.305,0.496,0.504,7.542,15.514,3.945,0.788,0.257,0.507,1.124,0.182,0.187,0.125,2.582,2.330,7.898,2.860,0.451,3.493,19.916
217,1.112,0.351,20.557,0.633,2.823,0.585,0.388,8.444,14.254,3.208,0.819,0.323,0.485,1.175,0.203,0.222,0.278,4.460,1.727,7.295,3.329,0.652,2.968,22.986
224,1.440,0.349,21.184,0.664,3.498,0.720,0.420,8.077,14.770,4.039,1.036,0.391,0.415,1.193,0.213,0.196,0.172,4.000,1.801,9.000,2.871,0.405,3.239,19.126
232,1.805,0.402,20.710,0.632,4.036,0.637,0.515,8.294,12.585,4.297,1.294,0.305,0.848,0.974,0.251,0.302,0.229,3.879,1.666,9.691,2.644,0.313,3.746,19.207
170,1.430,0.291,22.812,0.527,2.985,0.641,0.297,7.563,14.839,3.410,0.860,0.364,0.354,0.952,0.136,0.141,0.166,3.875,1.905,7.226,2.857,0.467,3.292,22.283
137,1.665,0.431,22.947,0.460,2.881,0.577,0.404,7.559,14.198,3.491,0.883,0.222,0.372,1.052,0.136,0.209,0.099,3.586,2.734,6.920,2.516,0.496,3.228,22.694
111,2.518,0.457,23.759,0.530,4.567,0.504,0.369,6.298,16.479,4.468,0.768,0.271,0.486,1.294,0.189,0.132,0.077,2.813,2.225,8.140,2.062,0.353,3.336,17.398
105,2.071,0.444,23.380,0.530,3.889,0.516,0.319,7.215,15.937,3.915,0.886,0.198,0.551,1.201,0.203,0.138,0.100,2.939,2.276,7.377,2.278,0.400,3.661,19.055
103,2.690,0.501,24.496,0.571,4.350,0.497,0.393,5.799,16.495,4.426,0.771,0.149,0.491,1.396,0.152,0.133,0.094,2.174,2.222,6.603,2.009,0.474,3.948,18.705
23,3.173,0.511,24.366,0.611,4.660,0.462,0.418,5.177,16.793,4.271,0.911,0.164,0.734,1.223,0.342,0.120,0.061,2.237,3.065,6.476,1.683,0.461,3.195,18.430
215,1.612,0.449,22.956,0.642,2.945,0.614,0.327,7.584,13.484,4.134,0.813,0.211,0.322,0.942,0.126,0.132,0.155,3.527,1.706,8.285,2.672,0.506,3.382,21.757
206,1.685,0.394,23.157,0.560,3.217,0.669,0.388,8.206,14.673,4.471,0.863,0.281,0.372,0.914,0.153,0.111,0.128,3.767,1.581,7.919,2.824,0.693,3.287,19.579
195,1.201,0.586,21.994,0.561,2.677,0.813,0.320,8.003,13.871,4.023,0.940,0.337,0.572,1.291,0.134,0.194,0.126,4.348,1.738,8.285,3.073,0.614,3.138,20.886
183,1.098,0.466,22.858,0.431,2.285,0.597,0.304,7.993,12.842,3.078,0.936,0.298,0.273,1.002,0.114,0.214,0.261,4.475,1.907,7.564,3.377,0.717,3.332,22.946
100,3.257,0.509,23.898,0.677,4.874,0.536,0.490,5.765,19.365,4.331,0.980,0.182,0.864,1.361,0.383,0.144,0.072,2.256,3.074,6.068,1.993,0.312,3.177,14.748
101,1.606,0.490,22.081,0.504,3.392,0.634,0.441,6.993,16.238,3.610,0.747,0.304,0.438,1.287,0.178,0.125,0.193,3.929,2.341,7.441,2.806,0.484,3.465,20.096
104,2.693,0.542,24.600,0.573,4.262,0.564,0.465,6.158,16.997,3.931,0.836,0.203,0.655,1.192,0.257,0.149,0.122,2.821,2.546,6.850,2.217,0.409,3.289,17.217
106,4.026,0.769,24.580,0.919,5.097,0.701,0.682,5.881,16.715,4.516,1.065,0.188,0.640,1.209,0.336,0.167,0.075,2.786,2.645,5.377,1.667,0.612,2.998,15.720
107,3.211,0.523,24.096,0.627,4.102,0.561,0.433,6.185,15.480,3.956,0.957,0.183,0.508,1.258,0.222,0.185,0.076,2.887,2.588,6.731,2.095,0.645,3.443,18.823
108,2.629,0.505,24.084,0.603,3.937,0.508,0.362,6.855,17.367,4.603,1.008,0.279,0.657,1.463,0.218,0.232,0.144,2.803,2.882,6.829,2.480,0.281,2.851,15.986
109,2.077,0.350,24.016,0.529,3.680,0.546,0.367,6.830,16.611,3.883,0.779,0.212,0.367,1.287,0.166,0.170,0.075,3.248,2.282,7.171,3.057,0.397,3.081,18.324
115,3.105,0.541,23.435,0.580,4.422,0.497,0.462,6.101,18.072,4.803,0.945,0.169,0.784,1.371,0.345,0.114,0.080,2.174,3.242,6.968,1.619,0.314,3.431,15.864
116,2.133,0.368,23.647,0.556,3.921,0.540,0.388,6.384,16.357,4.587,0.844,0.201,0.621,1.251,0.199,0.138,0.082,2.912,2.610,7.220,2.289,0.411,3.511,18.477
117,2.522,0.493,24.757,0.659,3.910,0.607,0.383,6.133,16.177,3.562,0.903,0.172,0.519,1.061,0.200,0.147,0.080,3.477,2.430,6.498,2.416,0.465,3.339,18.587
128,2.954,0.571,23.639,0.732,4.449,0.605,0.512,5.926,17.382,4.814,0.873,0.195,0.697,1.230,0.248,0.151,0.104,2.842,2.660,6.146,2.168,0.456,3.316,16.836
130,1.689,0.350,22.404,0.555,3.433,0.619,0.297,7.520,15.539,4.516,0.794,0.275,0.376,1.350,0.125,0.169,0.120,4.715,2.086,6.897,3.076,0.418,3.343,19.177
131,2.365,0.495,23.366,0.491,3.660,0.593,0.467,6.846,15.211,4.088,0.789,0.210,0.440,1.168,0.137,0.223,0.138,3.345,2.284,7.248,2.158,0.515,3.843,19.480
135,2.602,0.504,23.869,0.593,3.301,0.540,0.488,6.505,17.408,4.696,0.800,0.125,0.558,1.362,0.190,0.142,0.078,2.303,2.539,6.762,1.820,0.446,3.661,18.499
139,1.852,0.303,20.455,0.449,3.061,0.416,0.391,5.585,13.543,17.489,0.705,0.154,0.397,0.974,0.146,0.135,0.080,2.329,2.172,6.070,1.833,0.389,3.037,17.537
141,1.125,0.341,21.706,0.438,2.627,0.446,0.317,7.291,14.104,3.066,0.745,0.262,0.345,1.121,0.105,0.183,0.104,4.141,2.073,8.239,3.581,0.400,3.759,23.367
144,2.876,0.503,23.743,0.540,3.825,0.533,0.383,6.898,17.256,3.868,1.007,0.196,0.655,1.180,0.332,0.173,0.118,2.511,2.923,7.051,1.868,0.403,2.920,17.750
158,3.725,0.506,23.933,0.545,5.216,0.508,0.496,5.673,19.181,4.741,0.892,0.182,0.788,1.551,0.323,0.150,0.092,2.190,3.070,5.671,1.524,0.256,3.092,15.172
160,1.936,0.480,22.320,0.444,3.217,0.565,0.355,7.763,14.928,3.721,0.756,0.307,0.307,1.144,0.146,0.173,0.192,4.513,1.777,6.632,3.128,0.615,3.089,21.194
162,1.407,0.406,22.148,0.603,2.971,0.656,0.399,7.685,14.681,3.879,0.839,0.319,0.350,1.183,0.069,0.183,0.190,5.044,1.927,7.774,3.355,0.436,3.145,19.449
165,2.432,0.600,23.152,0.690,3.957,0.685,0.548,6.901,16.186,3.547,0.899,0.253,0.437,1.247,0.205,0.254,0.148,3.919,2.210,6.902,2.372,0.739,3.077,17.346
166,2.578,0.507,23.595,0.539,3.420,0.606,0.383,7.355,15.679,3.840,0.833,0.237,0.480,1.589,0.156,0.158,0.116,2.698,2.531,6.839,2.113,0.450,4.075,18.701
167,2.031,0.557,22.569,0.521,3.472,0.541,0.443,6.872,15.757,3.983,0.856,0.268,0.374,1.333,0.140,0.167,0.148,3.982,2.185,6.972,2.530,0.525,3.191,19.956
168,2.484,0.515,23.057,0.552,4.068,0.603,0.435,6.632,16.564,5.014,0.819,0.233,0.496,1.366,0.165,0.156,0.129,3.390,2.295,6.760,2.054,0.458,3.679,17.619
246,1.192,0.543,21.020,0.871,2.502,0.959,0.453,9.077,9.901,4.152,0.762,0.290,0.294,0.683,0.172,0.188,0.187,5.099,0.827,9.539,3.757,0.792,3.747,21.932
236,3.423,0.602,23.938,0.669,4.605,0.608,0.489,6.439,17.681,4.418,1.340,0.181,1.055,1.170,0.677,0.132,0.126,2.332,2.668,6.142,2.053,0.410,2.771,15.588
237,3.241,0.637,24.037,0.714,4.668,0.742,0.601,7.296,13.503,4.411,2.353,0.164,1.813,0.803,1.096,0.178,0.153,2.999,2.301,7.407,2.193,0.550,2.681,15.016
194,1.244,0.434,21.394,0.581,2.552,0.722,0.268,8.192,13.608,4.262,0.881,0.289,0.339,0.656,0.114,0.146,0.136,4.426,1.948,8.210,2.788,0.647,3.606,21.288
199,2.680,0.719,23.315,0.685,4.320,0.748,0.628,6.511,15.690,4.779,0.884,0.257,0.493,1.365,0.142,0.195,0.127,2.780,2.249,5.975,2.323,0.709,3.522,18.445
200,1.496,0.534,20.949,0.582,3.437,0.809,0.446,8.315,12.987,3.684,1.043,0.309,0.917,0.913,0.298,0.271,0.206,5.097,1.750,8.484,3.330,0.531,3.093,20.177
207,1.815,0.471,22.526,0.778,3.180,0.749,0.355,7.857,14.569,4.682,0.984,0.240,0.416,1.054,0.132,0.199,0.146,3.971,2.057,8.001,2.694,0.552,3.576,18.391
208,1.146,0.332,21.523,0.796,2.684,0.691,0.180,8.259,14.404,3.683,0.793,0.286,0.309,0.778,0.109,0.211,0.156,5.300,1.698,8.319,3.664,0.522,3.295,20.115
213,1.257,0.520,20.252,0.627,2.862,0.912,0.395,8.180,13.147,3.474,0.949,0.368,0.446,0.920,0.152,0.270,0.238,5.981,1.626,8.522,3.564,0.645,2.983,21.182
221,2.072,0.508,21.069,0.650,3.435,0.805,0.366,7.544,14.816,4.891,1.019,0.225,0.392,1.278,0.204,0.208,0.121,3.578,2.332,8.141,2.731,0.470,3.517,18.716
222,2.004,0.434,20.443,0.625,5.078,0.617,0.507,7.843,12.989,4.768,1.277,0.226,0.567,0.843,0.212,0.201,0.140,3.022,1.866,10.962,2.468,0.389,3.517,18.338
24,1.941,0.446,23.517,0.557,3.710,0.511,0.293,6.957,16.243,3.898,0.833,0.233,0.564,0.896,0.245,0.161,0.231,3.185,2.342,8.063,2.115,0.475,2.974,19.073
187,1.610,0.525,23.434,0.563,3.346,0.652,0.322,7.196,15.029,3.865,0.908,0.168,0.693,1.050,0.160,0.173,0.136,3.769,1.789,6.996,3.284,0.644,3.046,20.416
192,1.303,0.478,20.562,0.651,3.014,0.966,0.585,8.901,11.896,3.142,0.907,0.358,0.616,1.726,0.129,0.208,0.205,6.951,0.983,7.167,3.993,0.829,2.583,20.909
209,1.332,0.418,21.028,0.579,3.398,0.718,0.360,8.739,12.158,4.201,1.100,0.284,0.401,0.803,0.098,0.187,0.194,5.478,1.105,10.969,2.923,0.622,3.245,19.039
212,2.446,0.560,21.983,0.481,4.327,0.606,0.407,7.287,14.528,4.190,1.076,0.226,0.542,1.064,0.253,0.214,0.103,3.555,2.248,7.536,2.367,0.496,3.446,19.715
226,1.175,0.463,21.754,0.743,2.367,0.906,0.303,8.646,12.954,4.406,0.961,0.285,0.358,1.221,0.110,0.161,0.170,4.006,1.778,10.088,3.131,0.441,3.646,18.764
230,1.160,0.355,23.197,0.429,2.618,0.650,0.233,8.617,14.929,3.290,0.705,0.389,0.335,1.164,0.104,0.205,0.166,3.665,1.774,8.748,3.150,0.636,2.888,20.477
202,1.158,0.353,21.458,0.475,2.570,0.740,0.332,8.298,13.458,3.404,0.865,0.242,0.336,0.902,0.118,0.202,0.189,4.548,1.749,9.253,2.899,0.676,3.364,21.694
70,2.408,0.400,20.336,0.549,3.934,0.438,0.412,5.011,15.885,15.885,0.715,0.169,0.540,1.194,0.242,0.133,0.065,2.052,2.289,5.870,1.618,0.314,3.078,15.764
266,1.499,0.533,16.966,1.610,2.525,1.235,0.438,9.050,8.771,7.827,0.856,0.220,0.207,0.622,0.093,0.251,0.179,4.755,0.928,14.381,2.690,0.561,5.277,16.457
248,2.005,0.431,21.033,0.608,6.303,0.811,0.581,8.284,8.641,5.390,1.098,0.284,0.269,0.295,0.162,0.324,0.133,4.142,0.974,11.865,2.755,0.549,3.747,18.683
249,1.274,0.384,20.220,0.609,3.059,0.811,0.310,9.382,9.695,4.135,1.066,0.333,0.585,0.390,0.135,0.271,0.321,4.787,1.230,10.827,3.411,0.493,3.573,21.990
247,1.654,0.557,18.797,1.423,3.244,1.159,0.385,8.264,9.833,6.810,1.094,0.288,0.356,0.705,0.121,0.283,0.220,4.369,1.027,12.603,2.534,0.505,4.577,17.046
258,1.338,0.398,21.569,0.599,2.661,0.696,0.340,8.728,13.518,3.565,1.305,0.228,0.811,0.729,0.284,0.152,0.097,3.601,1.620,7.535,3.418,0.869,3.411,22.265
264,1.881,0.417,20.099,0.766,3.763,0.773,0.421,8.773,11.631,3.361,1.989,0.391,1.281,0.457,0.558,0.251,0.274,5.784,1.456,9.609,3.643,0.577,3.117,18.243
268,1.251,0.433,22.159,0.966,2.835,0.746,0.341,9.336,12.811,4.679,0.787,0.313,0.309,0.358,0.072,0.136,0.158,4.647,1.107,8.573,4.112,0.627,2.861,19.725
276,1.975,0.684,20.352,1.563,4.508,1.533,0.667,8.505,9.099,8.214,0.801,0.200,0.177,0.708,0.243,0.250,0.125,3.649,0.778,12.453,1.985,0.552,6.249,12.377
269,1.258,0.441,16.757,1.684,2.760,1.190,0.351,9.024,9.447,7.290,0.751,0.288,0.226,0.486,0.058,0.168,0.206,5.057,1.056,12.023,3.199,0.628,5.404,18.281
267,0.748,0.346,19.838,0.873,2.150,0.944,0.334,9.664,11.505,4.391,0.860,0.398,0.256,0.592,0.055,0.190,0.200,5.671,1.061,9.876,4.098,0.737,3.733,20.241
255,2.795,0.537,20.594,0.853,5.914,0.860,0.799,8.309,9.801,5.782,1.402,0.294,0.702,0.485,0.269,0.256,0.211,2.933,1.092,11.271,2.935,0.415,4.575,15.906
253,1.281,0.551,18.124,1.762,2.840,1.378,0.641,9.109,8.800,6.882,0.731,0.272,0.158,0.521,0.073,0.268,0.269,5.622,0.689,11.797,3.828,0.670,5.842,15.832
250,1.970,0.452,20.240,0.863,4.132,0.930,0.473,8.885,9.238,5.412,1.032,0.300,0.326,0.502,0.104,0.249,0.173,3.933,1.090,11.865,3.383,0.588,4.764,17.991
26,3.598,0.591,24.346,0.654,4.576,0.606,0.447,5.603,18.162,4.434,0.998,0.151,0.707,1.449,0.322,0.152,0.080,2.016,2.929,6.488,1.600,0.440,3.041,16.102
27,2.588,0.431,22.930,0.566,3.993,0.528,0.370,6.476,17.001,3.718,0.963,0.232,0.784,1.224,0.260,0.161,0.130,2.701,3.258,6.435,2.406,0.388,3.347,18.638
45,3.841,0.655,24.809,0.622,4.948,0.547,0.504,5.360,18.163,4.328,0.976,0.152,0.613,1.671,0.369,0.223,0.085,2.049,3.078,6.800,1.714,0.486,2.944,14.386
47,2.789,0.508,23.909,0.505,3.991,0.534,0.357,6.251,16.624,3.898,0.745,0.145,0.553,1.150,0.207,0.167,0.130,2.244,1.956,7.637,2.124,0.438,4.129,18.261
53,3.759,0.519,24.595,0.655,4.997,0.598,0.380,6.291,20.288,3.823,0.937,0.239,0.641,1.390,0.247,0.185,0.108,2.715,2.693,5.789,2.291,0.435,2.723,13.442
64,1.681,0.494,22.612,0.521,3.200,0.610,0.343,6.886,14.407,3.500,0.741,0.268,0.462,1.107,0.157,0.164,0.122,3.604,2.222,7.929,2.924,0.735,3.270,21.409
69,2.899,0.527,23.920,0.620,4.800,0.579,0.465,5.352,17.413,4.298,0.834,0.176,0.765,1.497,0.342,0.143,0.138,2.248,2.812,6.296,1.764,0.398,3.219,17.752
74,3.274,0.534,23.273,0.685,4.764,0.509,0.475,5.270,18.189,4.231,0.890,0.140,0.762,1.534,0.370,0.160,0.044,1.837,3.143,6.602,1.743,0.340,3.537,16.993
76,2.496,0.501,23.799,0.530,3.518,0.542,0.352,6.052,15.629,3.767,0.873,0.202,0.507,1.457,0.185,0.129,0.086,3.119,2.400,6.979,2.837,0.498,3.619,19.049
86,2.773,0.497,23.176,0.615,4.151,0.431,0.387,5.986,17.713,4.147,0.872,0.208,0.618,1.317,0.291,0.122,0.065,2.262,2.793,7.585,2.150,0.358,3.518,17.620
88,2.328,0.439,23.639,0.521,3.678,0.493,0.309,6.795,16.063,3.631,1.065,0.209,0.540,1.167,0.207,0.168,0.097,2.763,2.739,7.185,2.227,0.462,3.251,19.650
91,3.495,0.547,23.242,0.727,4.885,0.561,0.473,5.600,19.493,4.316,0.929,0.148,0.828,1.356,0.351,0.172,0.089,1.783,3.331,6.323,1.535,0.299,3.588,15.259
252,1.449,0.426,18.948,1.030,3.664,0.971,0.386,9.380,8.937,5.305,1.023,0.314,0.274,0.569,0.079,0.256,0.171,4.553,0.800,12.352,3.022,0.390,5.240,19.211
278,1.998,0.474,19.480,1.343,4.488,0.966,0.564,7.918,10.664,6.888,1.190,0.216,0.487,0.341,0.118,0.253,0.135,3.836,1.349,11.093,2.627,0.410,4.785,16.955
49,3.448,0.608,24.275,0.663,4.430,0.557,0.442,6.400,17.535,3.897,0.983,0.174,0.628,1.359,0.257,0.152,0.054,2.107,2.765,6.466,1.926,0.456,3.563,16.414
50,1.426,0.398,23.272,0.472,2.856,0.556,0.249,7.200,14.270,3.493,0.918,0.217,0.303,1.164,0.079,0.130,0.069,4.272,1.958,7.560,2.878,0.458,3.705,21.526
57,2.537,0.685,26.554,0.899,4.230,0.665,0.451,7.430,18.571,4.095,0.842,0.225,0.301,1.222,0.131,0.202,0.148,3.116,1.575,5.337,3.290,0.463,2.511,13.977
75,3.348,0.582,25.070,0.695,5.178,0.517,0.489,5.602,19.806,4.829,0.855,0.181,0.830,1.567,0.334,0.127,0.078,1.701,3.071,5.578,1.708,0.235,3.351,13.786
80,3.519,0.533,24.646,0.619,4.965,0.524,0.416,5.566,18.698,4.049,0.948,0.208,0.753,1.657,0.346,0.136,0.054,2.174,3.303,6.295,1.845,0.248,2.997,14.951
251,1.251,0.529,21.171,1.021,2.640,1.069,0.378,8.750,10.320,5.365,0.736,0.230,0.219,0.666,0.069,0.201,0.154,4.511,0.815,9.908,3.845,0.791,4.569,19.922
271,1.690,0.599,20.342,1.113,3.835,1.260,0.505,8.477,10.305,6.392,0.946,0.238,0.224,0.779,0.129,0.220,0.175,3.937,0.896,11.839,2.575,0.647,4.964,16.877
272,1.191,0.380,18.937,0.933,2.532,1.164,0.454,10.166,8.953,5.124,0.749,0.279,0.193,0.549,0.080,0.178,0.177,5.643,0.667,11.529,3.086,0.497,5.030,20.118
54,2.328,0.416,23.804,0.523,3.818,0.412,0.276,6.237,16.959,3.946,0.958,0.189,0.647,1.266,0.205,0.118,0.080,2.781,2.824,6.656,2.425,0.293,3.352,18.813
55,1.621,0.429,22.723,0.431,3.200,0.531,0.254,6.744,15.216,3.460,0.750,0.217,0.405,0.540,0.082,0.134,0.096,4.222,2.026,6.290,3.077,0.464,3.301,22.856
81,3.157,0.607,24.866,0.497,4.155,0.542,0.447,5.777,14.766,3.987,1.072,0.211,0.596,1.005,0.230,0.167,0.098,2.436,2.580,6.984,1.813,0.606,3.759,19.074
254,1.659,0.500,18.774,1.268,4.060,0.986,0.488,8.059,8.855,6.339,1.017,0.241,0.358,0.577,0.115,0.229,0.133,4.369,0.850,13.083,3.086,0.545,5.253,17.471
273,1.717,0.543,18.409,1.583,3.836,1.240,0.484,8.303,9.168,7.316,0.819,0.231,0.201,0.423,0.084,0.239,0.180,5.279,0.655,12.875,2.509,0.505,5.861,15.452
274,1.362,0.331,20.535,0.646,2.959,0.698,0.449,9.758,10.824,4.229,0.802,0.389,0.293,1.152,0.125,0.184,0.196,4.513,0.992,9.649,3.536,0.556,3.702,21.382
275,0.992,0.434,21.519,0.687,2.562,1.082,0.377,9.204,10.671,4.786,0.724,0.202,0.224,0.675,0.093,0.184,0.153,4.194,0.804,10.012,3.812,0.412,4.112,21.911
90,3.245,0.515,24.214,0.605,4.844,0.561,0.459,5.922,18.595,4.210,0.963,0.181,0.784,1.595,0.324,0.127,0.052,2.049,3.255,5.862,1.597,0.380,3.470,15.623
248,2.005,0.431,21.033,0.608,6.303,0.811,0.581,8.284,8.641,5.390,1.098,0.284,0.269,0.295,0.162,0.324,0.133,4.142,0.974,11.865,2.755,0.549,3.747,18.683
249,1.274,0.384,20.220,0.609,3.059,0.811,0.310,9.382,9.695,4.135,1.066,0.333,0.585,0.390,0.135,0.271,0.321,4.787,1.230,10.827,3.411,0.493,3.573,21.990
72,3.503,0.543,24.685,0.663,4.577,0.482,0.471,5.569,17.614,4.391,0.833,0.143,0.600,1.659,0.205,0.123,0.040,1.768,2.308,6.070,1.575,0.479,3.918,17.347
73,3.122,0.546,24.928,0.603,3.633,0.522,0.411,6.230,16.383,3.820,1.080,0.198,0.684,1.403,0.336,0.108,0.070,2.072,2.493,6.394,2.010,0.551,3.555,18.329
77,1.657,0.442,23.077,0.479,3.228,0.495,0.304,6.756,14.855,3.226,0.734,0.258,0.396,1.132,0.184,0.115,0.057,3.742,2.126,7.311,3.133,0.569,3.082,22.081
78,3.057,0.496,24.601,0.692,4.613,0.552,0.408,6.330,19.666,4.245,0.859,0.199,0.716,1.621,0.293,0.166,0.104,2.473,2.607,6.532,1.872,0.360,2.746,14.344
89,1.104,0.419,21.823,0.480,2.683,0.545,0.268,7.608,12.961,2.699,0.624,0.419,0.268,1.076,0.058,0.179,0.182,4.027,1.811,7.697,3.992,0.548,3.656,24.082
93,2.807,0.499,23.454,0.598,4.254,0.490,0.385,5.834,17.181,4.253,0.848,0.238,0.746,1.603,0.298,0.141,0.107,2.332,2.839,7.648,2.224,0.435,3.594,16.948
95,3.117,0.517,23.363,0.617,4.276,0.504,0.473,6.128,15.957,4.087,1.079,0.261,0.731,1.236,0.352,0.165,0.074,2.470,3.254,7.298,1.806,0.373,3.099,18.339
97,2.904,0.532,23.866,0.567,4.713,0.526,0.379,6.020,17.391,4.128,0.886,0.228,0.564,1.422,0.261,0.193,0.129,2.652,2.469,6.724,2.099,0.448,3.530,16.932
99,3.044,0.507,23.961,0.638,4.702,0.553,0.508,6.001,16.527,4.169,0.940,0.193,0.640,1.414,0.277,0.215,0.067,3.113,2.684,7.377,2.617,0.403,3.358,15.855
247,1.654,0.557,18.797,1.423,3.244,1.159,0.385,8.264,9.833,6.810,1.094,0.288,0.356,0.705,0.121,0.283,0.220,4.369,1.027,12.603,2.534,0.505,4.577,17.046
258,1.338,0.398,21.569,0.599,2.661,0.696,0.340,8.728,13.518,3.565,1.305,0.228,0.811,0.729,0.284,0.152,0.097,3.601,1.620,7.535,3.418,0.869,3.411,22.265
264,1.881,0.417,20.099,0.766,3.763,0.773,0.421,8.773,11.631,3.361,1.989,0.391,1.281,0.457,0.558,0.251,0.274,5.784,1.456,9.609,3.643,0.577,3.117,18.243
268,1.251,0.433,22.159,0.966,2.835,0.746,0.341,9.336,12.811,4.679,0.787,0.313,0.309,0.358,0.072,0.136,0.158,4.647,1.107,8.573,4.112,0.627,2.861,19.725
98,2.813,0.450,23.980,0.571,4.702,0.580,0.393,6.305,16.720,4.096,0.928,0.208,0.592,1.464,0.254,0.147,0.071,2.571,2.620,6.707,2.103,0.494,3.172,17.863
52,2.875,0.505,22.802,0.642,5.059,0.509,0.410,5.898,18.431,4.684,0.910,0.188,0.756,1.562,0.258,0.147,0.081,2.036,2.679,7.061,1.721,0.354,3.677,16.132
51,2.646,0.538,24.248,0.609,4.354,0.551,0.454,5.941,16.791,4.507,0.858,0.204,0.587,1.228,0.233,0.135,0.086,2.397,2.389,6.388,2.426,0.548,3.310,18.115
48,2.233,0.585,23.299,0.601,3.934,0.571,0.387,6.299,16.830,3.805,0.886,0.245,0.448,1.425,0.194,0.180,0.106,3.035,2.275,7.574,2.557,0.380,3.724,18.114
250,1.970,0.452,20.240,0.863,4.132,0.930,0.473,8.885,9.238,5.412,1.032,0.300,0.326,0.502,0.104,0.249,0.173,3.933,1.090,11.865,3.383,0.588,4.764,17.991
1,3.014,0.598,23.716,0.658,3.986,0.646,0.407,5.817,16.706,3.508,0.936,0.206,0.628,1.477,0.303,0.172,0.096,2.380,2.368,6.468,1.943,0.673,3.668,19.625
2,3.686,0.611,24.916,0.858,5.205,0.551,0.449,5.556,19.745,4.111,0.922,0.217,0.832,1.656,0.403,0.170,0.088,1.492,2.954,6.249,1.480,0.368,3.401,14.080
3,3.630,0.654,24.615,0.849,5.065,0.643,0.440,5.472,17.800,3.975,1.038,0.241,0.830,1.509,0.401,0.208,0.087,1.934,2.988,7.057,1.666,0.406,3.408,15.083
5,3.600,0.631,24.791,0.752,5.174,0.554,0.456,5.310,18.934,4.175,0.865,0.217,0.779,1.785,0.403,0.165,0.077,1.710,2.894,6.156,1.591,0.266,3.247,15.467
6,3.359,0.535,25.277,0.856,5.857,0.489,0.450,5.575,19.329,4.604,0.892,0.184,0.686,1.381,0.297,0.152,0.073,1.677,2.358,6.231,1.315,0.239,3.588,14.595
7,3.187,0.609,23.325,0.807,4.465,0.642,0.449,5.868,18.419,3.687,0.967,0.291,0.568,1.493,0.261,0.271,0.115,3.244,2.447,6.267,2.286,0.441,3.400,16.491
8,2.504,0.551,22.742,0.818,3.669,0.653,0.396,7.067,17.423,3.164,0.977,0.321,0.571,1.474,0.297,0.254,0.124,3.090,2.706,6.699,2.159,0.467,3.409,18.465
9,3.254,0.600,23.728,0.717,4.423,0.581,0.445,6.073,18.143,3.644,1.024,0.243,0.658,1.546,0.306,0.174,0.117,2.166,2.650,6.152,1.556,0.505,3.492,17.803
10,3.682,0.536,24.345,0.821,5.429,0.530,0.421,5.362,20.273,3.866,1.042,0.195,0.922,1.674,0.447,0.172,0.068,1.705,3.342,5.607,1.393,0.198,3.011,14.958
11,3.300,0.607,25.964,0.820,5.161,0.572,0.422,5.533,18.143,3.485,0.984,0.228,0.746,1.220,0.394,0.192,0.103,2.343,2.606,6.697,1.690,0.330,2.835,15.625
12,2.864,0.490,24.611,0.726,4.572,0.499,0.325,5.950,18.221,3.522,0.974,0.216,0.822,1.215,0.379,0.172,0.104,2.177,2.773,6.627,1.882,0.415,3.200,17.266
13,3.207,0.604,25.243,0.858,4.972,0.599,0.434,5.724,19.130,3.730,0.908,0.198,0.837,1.470,0.311,0.153,0.082,1.967,2.562,6.401,1.392,0.330,3.457,15.431
14,3.013,0.519,22.935,0.758,4.549,0.569,0.420,6.011,19.258,3.882,1.037,0.246,0.770,1.632,0.411,0.183,0.093,2.329,2.934,6.429,1.691,0.306,3.397,16.631
15,1.492,0.503,23.735,0.613,2.873,0.618,0.348,6.627,14.756,2.709,0.925,0.273,0.466,1.069,0.215,0.239,0.139,3.885,2.276,7.984,2.909,0.507,3.248,21.591
16,4.643,0.688,26.916,0.971,6.322,0.594,0.499,5.209,18.261,3.942,0.943,0.164,0.916,1.471,0.433,0.151,0.067,1.743,2.780,5.637,1.177,0.232,3.180,13.060
17,3.827,0.572,24.248,0.915,5.498,0.619,0.446,5.142,20.100,3.817,1.078,0.190,1.041,1.406,0.468,0.133,0.070,2.017,2.872,6.408,1.503,0.296,3.192,14.142
18,3.817,0.589,24.186,0.904,5.265,0.606,0.484,5.318,19.548,4.308,1.059,0.236,1.061,1.778,0.543,0.172,0.091,1.928,3.366,5.611,1.530,0.264,3.388,13.950
19,2.311,0.446,22.722,0.672,3.942,0.646,0.434,7.173,18.316,3.661,0.808,0.317,0.539,1.482,0.232,0.161,0.105,3.478,1.997,6.994,2.368,0.295,3.605,17.296
20,3.133,0.535,23.755,0.813,5.121,0.593,0.429,5.423,19.012,3.813,0.970,0.245,0.770,1.509,0.443,0.201,0.095,2.421,2.886,6.932,1.997,0.310,2.903,15.693
21,2.869,0.537,24.088,0.733,4.467,0.564,0.424,5.924,17.881,3.490,1.027,0.229,0.801,1.371,0.405,0.215,0.086,2.508,3.022,6.945,2.005,0.308,3.293,16.809
22,3.292,0.566,23.658,0.736,4.821,0.597,0.421,5.669,18.904,3.798,0.903,0.253,0.757,1.614,0.371,0.189,0.096,2.180,2.855,6.521,1.947,0.302,3.611,15.941
25,3.009,0.599,23.683,0.789,4.822,0.689,0.446,5.871,17.495,3.545,0.975,0.258,0.661,1.264,0.348,0.204,0.104,2.918,2.462,7.460,2.091,0.455,3.515,16.336
28,3.025,0.531,24.048,0.739,5.271,0.513,0.421,5.361,20.086,4.244,0.880,0.195,0.732,1.360,0.322,0.162,0.088,1.937,2.390,6.401,1.814,0.352,3.262,15.865
29,3.338,0.578,23.220,0.741,4.711,0.672,0.511,5.694,19.040,4.165,1.163,0.260,0.740,1.424,0.315,0.174,0.100,2.523,2.495,6.147,1.967,0.391,3.126,16.507
30,3.291,0.674,24.457,0.823,4.496,0.663,0.509,5.682,17.286,3.408,1.034,0.209,0.562,1.226,0.306,0.226,0.102,3.057,2.410,5.837,2.023,0.588,3.438,17.692
31,3.824,0.589,24.664,0.819,5.023,0.562,0.415,5.322,18.465,3.834,1.006,0.217,0.835,1.356,0.445,0.214,0.071,1.871,3.292,6.532,1.613,0.316,3.199,15.515
32,3.210,0.525,23.883,0.675,4.332,0.598,0.384,5.576,17.962,4.106,1.056,0.191,0.768,1.577,0.344,0.174,0.080,2.294,2.716,6.467,2.004,0.387,3.407,17.285
33,2.256,0.589,24.056,0.825,4.095,0.628,0.398,6.209,16.641,3.677,0.798,0.287,0.555,1.481,0.174,0.168,0.120,2.962,2.062,6.870,2.555,0.296,3.732,18.566
34,2.572,0.610,22.817,0.784,3.830,0.713,0.463,7.035,17.359,3.460,0.973,0.294,0.520,1.368,0.278,0.230,0.133,2.964,2.299,7.256,2.425,0.608,3.231,17.779
35,2.422,0.503,23.640,0.742,4.728,0.616,0.436,6.560,17.192,4.037,0.776,0.263,0.482,1.451,0.170,0.151,0.107,2.863,1.910,7.086,2.074,0.292,4.030,17.471
36,1.537,0.676,21.978,0.705,3.256,0.844,0.468,6.829,13.614,2.956,0.894,0.362,0.399,1.018,0.174,0.265,0.163,5.816,2.254,7.348,3.865,0.757,3.364,20.459
37,2.837,0.506,24.453,0.765,4.087,0.580,0.362,6.086,17.723,3.432,0.943,0.222,0.789,1.350,0.362,0.190,0.101,2.306,3.059,6.939,1.913,0.383,3.365,17.249
38,3.274,0.691,23.762,0.851,4.067,0.756,0.473,6.236,15.572,3.281,1.114,0.274,0.555,1.386,0.277,0.285,0.102,3.237,2.442,6.742,2.263,0.709,3.980,17.670
39,2.591,0.445,22.938,0.678,4.179,0.553,0.364,6.336,18.574,3.893,1.011,0.265,0.742,1.450,0.338,0.185,0.098,2.427,2.782,6.820,2.297,0.267,3.075,17.691
40,2.860,0.510,23.389,0.841,5.233,0.629,0.441,6.299,17.982,4.625,0.892,0.280,0.646,1.387,0.241,0.179,0.117,3.051,2.305,6.491,2.233,0.232,3.843,15.292
41,3.897,0.601,24.451,0.818,5.239,0.579,0.472,5.231,18.807,4.051,1.012,0.233,0.931,1.572,0.409,0.158,0.071,2.078,2.848,6.637,1.627,0.305,3.389,14.582
42,2.751,0.490,23.406,0.829,4.545,0.524,0.411,6.309,17.570,4.321,0.910,0.245,0.787,1.352,0.364,0.180,0.107,2.331,2.730,7.163,2.053,0.292,3.643,16.690
43,3.218,0.634,22.668,0.775,4.623,0.700,0.560,5.235,18.657,4.255,1.085,0.239,0.793,1.557,0.366,0.223,0.084,2.840,2.732,6.721,1.920,0.542,3.272,16.300
46,3.456,0.643,23.747,0.784,5.193,0.613,0.484,5.258,18.569,4.457,0.939,0.234,0.893,1.576,0.336,0.169,0.089,2.191,2.925,6.649,1.655,0.459,3.476,15.206
58,3.318,0.638,25.713,0.767,5.007,0.656,0.433,5.609,17.521,3.385,0.993,0.238,0.697,1.302,0.352,0.180,0.096,2.490,2.348,6.765,2.103,0.370,2.844,16.175
59,1.860,0.574,21.216,0.693,7.239,0.584,0.512,6.244,15.206,5.821,0.837,0.296,0.501,1.243,0.236,0.220,0.150,2.932,2.400,6.937,3.105,0.217,3.022,17.954
60,3.612,0.536,24.341,0.754,4.749,0.565,0.412,5.830,19.888,4.046,1.068,0.218,0.966,1.625,0.448,0.159,0.092,1.880,3.107,6.153,1.641,0.271,3.080,14.559
61,2.446,0.481,23.029,0.815,4.449,0.575,0.364,6.611,18.353,3.371,0.933,0.290,0.681,1.306,0.316,0.196,0.173,2.967,2.402,6.695,2.926,0.235,3.219,17.165
62,2.786,0.514,24.147,0.706,4.565,0.589,0.415,5.754,17.838,3.819,0.969,0.236,0.821,1.387,0.333,0.185,0.097,2.525,2.887,6.437,2.126,0.339,3.420,17.104
63,1.261,0.334,23.249,0.612,3.042,0.509,0.321,7.469,14.480,2.933,0.705,0.275,0.324,1.127,0.095,0.198,0.134,3.991,1.783,6.958,3.772,0.399,4.441,21.588
65,2.815,0.556,23.533,0.743,4.148,0.633,0.351,6.293,17.087,3.336,0.958,0.240,0.623,1.300,0.303,0.209,0.129,2.821,2.748,7.067,2.383,0.447,3.539,17.736
66,2.715,0.489,23.070,0.705,4.571,0.612,0.347,6.147,17.543,3.714,0.937,0.302,0.624,1.490,0.302,0.219,0.110,3.214,2.608,6.476,2.520,0.286,3.716,17.285
67,2.762,0.552,23.574,0.808,4.694,0.660,0.439,5.799,17.467,4.065,0.845,0.246,0.574,1.300,0.257,0.210,0.111,3.145,2.275,7.137,2.530,0.340,3.732,16.477
68,2.667,0.523,23.828,0.829,4.494,0.583,0.413,6.338,18.162,4.291,0.881,0.254,0.671,1.551,0.270,0.158,0.103,2.592,2.333,7.135,1.892,0.297,3.747,15.988
71,2.910,0.532,22.088,0.858,4.071,0.683,0.409,6.365,19.757,3.972,1.016,0.281,0.778,1.624,0.424,0.202,0.109,2.352,3.039,6.991,1.740,0.348,3.227,16.225
79,3.358,0.779,23.793,0.748,5.483,0.830,0.579,6.264,15.597,4.567,1.099,0.306,0.587,1.427,0.255,0.178,0.125,3.350,1.960,6.022,2.184,0.708,3.021,16.780
82,3.317,0.615,24.214,0.828,5.127,0.639,0.465,5.620,18.644,4.420,0.933,0.249,0.756,1.576,0.346,0.160,0.081,2.160,2.564,6.379,1.721,0.339,3.111,15.737
83,2.573,0.493,23.888,0.747,3.946,0.654,0.379,6.554,16.858,3.326,0.829,0.263,0.583,1.408,0.200,0.194,0.115,2.971,2.365,6.938,2.244,0.335,4.046,18.089
84,3.173,0.573,23.924,0.821,4.933,0.655,0.487,5.919,19.306,4.081,0.974,0.273,0.710,1.642,0.321,0.221,0.116,2.517,2.719,6.480,2.142,0.260,3.367,14.384
85,2.874,0.528,23.645,0.784,4.439,0.551,0.418,5.874,19.031,3.676,0.976,0.211,0.629,1.419,0.344,0.195,0.106,2.389,2.642,6.711,2.233,0.381,3.133,16.810
87,3.431,0.613,24.333,0.811,4.861,0.563,0.463,5.627,17.796,4.078,1.050,0.240,0.796,1.551,0.418,0.187,0.086,2.333,3.107,6.044,1.851,0.384,3.198,16.178
92,2.358,0.484,24.825,0.674,4.070,0.622,0.395,6.740,15.750,3.634,0.880,0.275,0.584,1.073,0.213,0.178,0.109,3.070,2.115,6.612,2.374,0.558,3.377,19.031
94,2.589,0.523,24.065,0.762,4.179,0.658,0.421,6.229,18.047,4.083,0.924,0.307,0.645,1.532,0.279,0.211,0.119,2.575,2.407,7.124,2.440,0.360,3.459,16.063
96,3.220,0.606,25.476,0.892,5.343,0.641,0.502,5.868,18.532,4.529,0.911,0.205,0.696,1.387,0.299,0.157,0.098,1.986,2.327,5.978,1.886,0.434,3.380,14.646
102,2.921,0.583,24.155,0.855,4.563,0.643,0.475,6.048,18.772,3.743,0.897,0.274,0.709,1.569,0.346,0.173,0.110,2.567,2.622,7.020,1.995,0.314,3.296,15.348
110,2.367,0.501,24.059,0.769,4.203,0.659,0.431,6.404,17.768,3.383,0.912,0.305,0.698,1.391,0.276,0.177,0.105,3.019,2.412,6.881,2.622,0.599,3.206,16.854
113,2.350,0.544,23.408,0.647,4.129,0.681,0.446,6.532,17.170,3.928,0.923,0.299,0.552,1.289,0.285,0.200,0.130,2.862,2.311,7.183,2.265,0.439,3.068,18.359
119,2.567,0.480,24.148,0.696,3.638,0.612,0.384,6.981,17.475,3.752,1.063,0.337,0.621,1.569,0.216,0.206,0.122,3.152,2.392,6.174,2.789,0.330,3.700,16.596
120,1.248,0.378,22.647,0.571,2.953,0.661,0.307,7.502,14.886,2.920,0.825,0.399,0.351,1.185,0.132,0.203,0.192,4.803,1.756,7.584,4.009,0.531,3.916,20.041
121,1.892,0.496,21.627,0.636,3.377,0.644,0.405,7.428,16.449,3.394,0.881,0.362,0.547,1.118,0.264,0.183,0.141,3.489,2.258,7.298,3.060,0.516,3.386,20.148
122,2.979,0.511,23.085,0.854,4.923,0.619,0.450,6.106,19.488,4.282,0.928,0.262,0.766,1.842,0.296,0.147,0.106,2.567,2.317,6.204,2.030,0.422,3.853,14.963
124,3.913,0.753,24.015,0.802,4.777,0.721,0.526,5.771,17.216,4.499,1.020,0.228,0.662,1.481,0.336,0.210,0.114,2.261,2.609,6.133,1.825,0.749,3.519,15.861
125,2.451,0.537,24.328,0.695,3.568,0.594,0.382,7.060,16.807,3.191,0.885,0.246,0.618,1.188,0.312,0.212,0.119,2.634,2.617,6.913,2.292,0.351,3.571,18.429
126,3.221,0.618,23.883,0.732,4.252,0.713,0.446,6.376,17.411,3.775,1.060,0.294,0.607,1.575,0.314,0.231,0.125,3.255,2.626,6.126,2.377,0.684,3.127,16.171
127,0.963,0.543,20.872,0.579,4.448,0.716,0.463,7.458,14.671,4.277,0.752,0.435,0.340,1.226,0.112,0.211,0.175,4.593,1.769,7.169,4.330,0.389,3.374,20.135
129,2.052,0.472,23.898,0.577,3.953,0.580,0.379,6.234,15.837,3.722,0.900,0.308,0.558,1.303,0.221,0.188,0.120,2.930,2.294,7.195,2.574,0.435,3.371,19.899
132,2.056,0.445,24.456,0.675,3.671,0.549,0.386,6.762,16.601,3.192,0.898,0.247,0.579,1.288,0.172,0.166,0.117,2.753,1.943,6.615,2.832,0.336,3.835,19.425
133,2.311,0.635,23.919,0.725,3.846,0.746,0.459,6.797,15.463,3.426,0.909,0.302,0.456,1.233,0.185,0.243,0.159,3.476,2.147,6.896,2.956,0.495,3.783,18.434
134,1.148,0.411,22.631,0.483,2.589,0.551,0.278,7.029,13.443,3.000,0.836,0.283,0.445,0.873,0.154,0.211,0.128,3.678,2.348,8.046,3.413,0.445,4.012,23.564
136,1.204,0.431,20.579,0.550,2.801,0.666,0.373,7.686,14.473,2.814,0.844,0.377,0.336,1.038,0.103,0.267,0.247,4.738,1.969,7.348,3.961,0.301,3.479,23.417
138,2.633,0.519,23.710,0.871,4.355,0.607,0.453,6.251,16.961,4.008,0.856,0.212,0.623,1.387,0.224,0.182,0.112,2.478,2.432,6.002,2.527,0.324,3.935,18.340
140,2.959,0.608,23.961,0.771,4.386,0.694,0.410,6.416,16.695,3.675,0.877,0.280,0.661,1.339,0.311,0.182,0.127,2.479,2.406,7.109,2.184,0.342,3.842,17.287
142,1.836,0.511,22.668,0.700,3.176,0.817,0.401,7.200,15.613,3.002,0.880,0.388,0.412,1.365,0.193,0.221,0.177,4.165,2.103,7.547,3.889,0.424,3.290,19.021
143,2.533,0.544,23.379,0.721,3.846,0.754,0.450,6.793,17.400,3.764,0.951,0.281,0.561,1.535,0.218,0.209,0.129,2.987,2.188,6.459,2.636,0.462,4.069,17.130
145,3.695,0.754,24.802,0.878,5.508,0.706,0.521,5.440,18.104,4.076,0.929,0.230,0.573,1.420,0.301,0.175,0.095,2.292,2.334,5.912,1.733,0.581,3.552,15.388
148,1.666,0.519,23.367,0.535,3.686,0.732,0.352,7.716,15.494,3.542,0.840,0.377,0.379,1.226,0.145,0.232,0.182,3.521,1.898,6.369,3.370,0.423,3.293,20.134
149,2.004,0.658,21.909,0.705,3.342,0.826,0.443,7.441,15.875,3.496,1.012,0.348,0.366,1.123,0.182,0.270,0.184,4.576,1.928,6.917,3.241,0.660,3.450,19.044
151,2.614,0.506,24.104,0.644,3.720,0.641,0.425,6.901,18.111,3.534,1.063,0.268,0.660,1.391,0.284,0.204,0.119,2.829,2.569,6.295,2.553,0.430,2.991,17.144
152,1.243,0.465,21.075,0.638,3.009,0.669,0.450,7.976,14.614,3.033,0.846,0.405,0.495,1.170,0.212,0.253,0.234,4.680,2.010,8.637,3.613,0.356,3.556,20.362
153,2.293,0.599,25.430,0.587,3.444,0.725,0.455,7.008,14.924,3.523,0.835,0.270,0.392,1.361,0.129,0.185,0.123,3.511,1.617,5.656,2.296,0.809,3.549,20.280
154,1.335,0.468,21.619,0.569,2.586,0.678,0.295,8.206,15.209,2.665,0.796,0.351,0.461,1.034,0.217,0.249,0.188,4.149,2.021,8.043,3.645,0.675,3.503,21.040
155,3.117,0.738,25.236,0.915,4.807,0.858,0.574,6.547,16.964,3.965,1.072,0.294,0.540,1.266,0.255,0.250,0.123,3.417,1.952,5.599,2.454,0.538,2.837,15.682
156,1.107,0.467,21.524,0.583,2.525,0.747,0.306,7.868,14.930,3.041,0.877,0.381,0.406,1.112,0.155,0.229,0.184,4.736,1.997,7.779,3.997,0.621,3.310,21.117
163,1.098,0.493,21.377,0.578,2.599,0.832,0.442,7.693,14.516,2.828,0.922,0.501,0.270,1.223,0.118,0.278,0.168,6.270,1.500,7.398,5.119,0.595,3.074,20.108
171,1.541,0.442,21.994,0.661,2.999,0.733,0.370,7.753,15.953,3.188,0.945,0.481,0.366,1.448,0.179,0.242,0.189,5.123,1.833,7.743,3.899,0.464,3.087,18.365
175,2.050,0.476,22.884,0.727,3.692,0.674,0.407,6.946,15.848,3.520,0.896,0.289,0.532,1.253,0.211,0.218,0.135,3.793,2.262,6.829,2.781,0.537,3.282,19.759
176,1.889,0.516,22.430,0.665,3.326,0.698,0.370,7.586,17.505,3.316,0.994,0.370,0.578,1.523,0.254,0.241,0.151,3.139,2.160,6.680,2.959,0.646,3.740,18.266
177,1.866,0.444,22.171,0.675,3.655,0.701,0.437,7.614,16.459,3.321,1.012,0.319,0.642,1.168,0.337,0.211,0.141,3.759,2.154,7.638,2.656,0.487,3.119,19.012
178,2.891,0.561,23.620,0.715,3.668,0.739,0.455,6.759,17.460,3.844,0.936,0.318,0.543,1.588,0.233,0.235,0.107,3.012,2.459,6.337,2.224,0.312,3.964,17.021
179,1.274,0.391,22.147,0.633,2.905,0.640,0.365,7.899,15.413,2.929,0.817,0.405,0.403,1.212,0.179,0.218,0.149,4.557,1.832,7.339,3.548,0.352,3.163,21.228
180,1.866,0.454,22.711,0.677,3.502,0.615,0.393,6.905,17.334,3.699,0.913,0.304,0.551,1.489,0.204,0.196,0.125,3.223,2.354,6.819,2.711,0.312,3.406,19.239
181,1.188,0.455,21.479,0.599,2.827,0.768,0.396,8.347,13.405,2.769,0.952,0.425,0.757,1.024,0.213,0.218,0.204,4.571,1.789,7.631,4.099,0.444,3.064,22.376
182,2.263,0.468,23.820,0.832,4.163,0.640,0.388,6.666,19.118,3.856,0.829,0.318,0.467,1.639,0.163,0.169,0.108,2.868,1.862,6.307,2.724,0.306,3.830,16.197
188,1.038,0.525,21.046,0.630,2.774,0.816,0.443,7.618,14.583,2.417,0.853,0.411,0.414,0.839,0.114,0.240,0.264,5.961,1.582,7.208,4.212,0.389,3.020,22.603
189,3.008,0.697,24.977,0.827,4.310,0.772,0.491,7.210,17.478,3.912,0.843,0.293,0.462,1.246,0.214,0.219,0.117,2.831,1.939,6.278,2.112,0.485,3.273,16.007
190,1.687,0.463,23.458,0.670,3.135,0.644,0.386,7.132,16.073,2.845,0.950,0.308,0.487,1.262,0.190,0.210,0.136,3.556,2.188,6.405,2.931,0.355,3.147,21.381
196,1.888,0.507,23.397,0.595,3.217,0.598,0.359,7.369,15.178,3.122,1.044,0.292,0.507,1.223,0.195,0.238,0.143,3.194,2.105,6.486,2.749,0.521,3.299,21.777
197,2.309,0.530,23.291,0.792,3.534,0.742,0.410,7.201,16.969,3.562,0.945,0.324,0.597,1.488,0.229,0.248,0.128,3.270,2.350,7.252,2.692,0.416,3.317,17.406
201,1.328,0.403,22.720,0.548,2.894,0.635,0.304,7.673,15.971,2.840,0.885,0.344,0.470,1.235,0.164,0.222,0.127,3.799,2.064,7.620,3.370,0.411,3.196,20.777
203,1.082,0.500,21.465,0.595,2.655,0.916,0.439,9.511,13.718,2.628,1.012,0.488,0.391,1.160,0.148,0.308,0.226,5.909,1.424,7.567,3.730,0.470,2.886,20.771
204,2.250,0.455,23.321,0.702,3.994,0.633,0.420,7.030,17.387,4.016,1.001,0.311,0.703,1.277,0.258,0.199,0.133,2.689,2.028,6.883,2.621,0.353,3.494,17.840
211,1.061,0.431,20.639,0.832,2.682,0.853,0.362,8.113,13.013,3.598,0.826,0.449,0.361,0.966,0.137,0.229,0.231,5.469,1.528,8.502,3.608,0.311,3.334,22.466
216,1.351,0.488,22.699,0.604,3.110,0.788,0.343,8.035,13.652,2.964,0.996,0.428,0.484,0.969,0.205,0.250,0.204,4.426,1.574,8.510,3.576,0.555,3.811,19.978
218,2.222,0.446,21.219,0.755,5.557,0.744,0.782,7.709,12.237,3.376,1.769,0.469,0.998,0.815,0.575,0.282,0.223,4.368,1.254,10.556,3.367,0.324,3.596,16.359
219,1.570,0.478,23.583,0.725,3.334,0.671,0.486,8.010,15.693,3.703,1.073,0.388,0.666,1.149,0.389,0.211,0.190,3.028,1.745,7.287,3.679,0.337,3.316,18.290
223,1.353,0.385,21.597,0.609,3.922,0.668,0.406,8.396,13.413,3.488,1.018,0.371,0.481,1.018,0.221,0.236,0.195,3.332,1.720,8.793,3.647,0.247,3.462,21.021
229,1.025,0.470,21.276,0.757,2.690,0.881,0.375,8.317,13.278,4.097,1.082,0.359,0.368,1.000,0.152,0.300,0.201,4.067,1.630,9.374,3.348,0.508,3.506,20.938
233,1.555,0.577,23.092,0.836,3.253,0.820,0.468,8.556,14.392,3.048,1.100,0.460,0.555,1.048,0.236,0.266,0.251,3.878,1.601,6.847,3.684,0.465,3.391,19.620
234,2.183,0.512,23.830,0.782,3.696,0.708,0.479,7.616,16.578,3.435,0.806,0.274,0.486,1.171,0.184,0.187,0.159,3.413,1.803,6.228,2.876,0.471,3.981,18.143
238,3.242,0.667,25.354,0.992,4.608,0.905,0.606,7.820,14.314,3.998,1.934,0.302,1.313,1.030,0.763,0.212,0.175,3.644,1.668,6.144,2.780,0.520,2.734,14.273
239,1.913,0.468,23.705,0.718,3.505,0.714,0.370,8.339,16.246,3.876,1.053,0.360,0.681,1.439,0.297,0.192,0.142,3.163,1.767,6.105,2.927,0.380,3.552,18.090
240,1.486,0.479,20.542,0.726,3.082,0.861,0.446,8.708,11.454,3.049,1.496,0.453,0.861,0.632,0.478,0.345,0.264,5.777,1.509,10.267,4.230,0.595,3.509,18.753
241,1.069,0.388,20.893,0.667,2.620,0.765,0.350,8.521,14.057,3.110,1.280,0.395,0.715,0.896,0.316,0.260,0.223,4.157,1.951,8.139,5.028,0.517,3.275,20.409
242,1.840,0.542,23.056,0.565,2.877,0.618,0.365,7.130,14.154,3.147,0.780,0.324,0.421,1.410,0.189,0.214,0.146,3.329,2.149,7.837,2.862,0.432,4.161,21.451
243,1.288,0.445,21.285,0.915,2.965,0.969,0.430,8.446,13.520,3.321,1.269,0.430,0.692,0.780,0.236,0.237,0.281,5.016,1.526,8.299,3.981,0.507,2.837,20.324
244,1.290,0.427,22.303,0.594,2.545,0.715,0.357,8.521,14.325,3.118,0.910,0.371,0.452,1.080,0.192,0.214,0.175,4.180,1.521,7.173,3.368,0.692,3.473,22.003
245,2.798,0.619,25.677,0.853,4.565,0.764,0.534,7.095,18.039,3.322,1.339,0.322,0.622,1.332,0.261,0.214,0.169,3.235,1.747,5.846,3.179,0.342,2.351,14.777
256,2.433,0.499,23.014,0.817,5.086,0.772,0.779,8.040,14.191,3.978,1.211,0.385,0.403,1.071,0.211,0.280,0.241,3.551,1.135,8.777,3.110,0.419,4.223,15.373
257,1.446,0.476,20.926,1.206,2.974,0.927,0.426,8.612,14.584,4.710,1.309,0.394,0.702,0.977,0.271,0.258,0.223,4.472,1.603,8.449,3.652,0.466,3.422,17.518
259,1.544,0.451,19.003,1.234,3.790,0.949,0.477,9.230,9.943,5.110,1.974,0.382,0.982,0.504,0.372,0.304,0.226,5.346,1.219,10.829,3.128,0.257,4.516,18.229
260,1.919,0.549,22.048,0.963,5.593,0.896,0.571,7.365,13.194,4.365,1.738,0.375,1.686,0.966,0.470,0.259,0.250,3.432,1.699,7.732,3.103,0.465,3.552,16.812
261,1.385,0.421,22.455,0.714,2.901,0.709,0.407,8.287,13.684,3.006,1.676,0.426,0.903,0.839,0.399,0.243,0.207,4.545,1.809,8.009,4.112,0.237,3.212,19.415
263,1.737,0.430,20.511,0.529,3.094,0.697,0.400,8.491,11.984,3.332,0.776,0.386,0.334,0.792,0.201,0.249,0.249,4.753,1.519,9.574,3.354,0.462,4.019,22.126
265,2.384,0.495,23.589,0.772,3.578,0.670,0.465,7.765,16.904,3.400,1.488,0.320,1.049,1.245,0.538,0.198,0.179,2.969,2.253,7.029,2.195,0.457,3.347,16.709
